epoch,ptl/val_loss,step,train_loss_epoch,valid_loss
0,,0,5.547815799713135,
1,,1,20.079931259155273,
2,,2,37.19865036010742,
3,,3,11.730698585510254,
4,32.264102935791016,4,,32.264102935791016
4,,4,17.518917083740234,
